<?xml version="1.0" encoding="utf-8" ?>
<dwsync>
<file name="android-icon-144x144.png" server="batman.webdrafter.us//public_html/" local="130764527829426958" remote="130761879600000000" Dst="2" />
<file name="android-icon-192x192.png" server="batman.webdrafter.us//public_html/" local="130764527839457532" remote="130761879600000000" Dst="2" />
<file name="android-icon-36x36.png" server="batman.webdrafter.us//public_html/" local="130764527839467532" remote="130761879600000000" Dst="2" />
<file name="android-icon-48x48.png" server="batman.webdrafter.us//public_html/" local="130764527839597540" remote="130761879600000000" Dst="2" />
<file name="apple-icon-114x114.png" server="batman.webdrafter.us//public_html/" local="130764527854678402" remote="130761879600000000" Dst="2" />
<file name="android-icon-72x72.png" server="batman.webdrafter.us//public_html/" local="130764527854748406" remote="130761879600000000" Dst="2" />
<file name="android-icon-96x96.png" server="batman.webdrafter.us//public_html/" local="130764527854768408" remote="130761879600000000" Dst="2" />
<file name="apple-icon-120x120.png" server="batman.webdrafter.us//public_html/" local="130764527868909216" remote="130761879600000000" Dst="2" />
<file name="apple-icon-144x144.png" server="batman.webdrafter.us//public_html/" local="130764527868959219" remote="130761879600000000" Dst="2" />
<file name="apple-icon-152x152.png" server="batman.webdrafter.us//public_html/" local="130764527869559254" remote="130761879600000000" Dst="2" />
<file name="apple-icon-60x60.png" server="batman.webdrafter.us//public_html/" local="130764527883530053" remote="130761879600000000" Dst="2" />
<file name="apple-icon-57x57.png" server="batman.webdrafter.us//public_html/" local="130764527883580056" remote="130761879600000000" Dst="2" />
<file name="apple-icon-180x180.png" server="batman.webdrafter.us//public_html/" local="130764527883630058" remote="130761879600000000" Dst="2" />
<file name="apple-icon-76x76.png" server="batman.webdrafter.us//public_html/" local="130764527897800869" remote="130761879600000000" Dst="2" />
<file name="apple-icon-72x72.png" server="batman.webdrafter.us//public_html/" local="130764527897850872" remote="130761879600000000" Dst="2" />
<file name="apple-icon-precomposed.png" server="batman.webdrafter.us//public_html/" local="130764527898520910" remote="130761879600000000" Dst="2" />
<file name="browserconfig.xml" server="batman.webdrafter.us//public_html/" local="130764527912781726" remote="130761879600000000" Dst="2" />
<file name="favicon-16x16.png" server="batman.webdrafter.us//public_html/" local="130764527912791726" remote="130761879600000000" Dst="2" />
<file name="apple-icon.png" server="batman.webdrafter.us//public_html/" local="130764527914191806" remote="130761879600000000" Dst="2" />
<file name="favicon-32x32.png" server="batman.webdrafter.us//public_html/" local="130764527963374620" remote="130761879600000000" Dst="2" />
<file name="favicon-96x96.png" server="batman.webdrafter.us//public_html/" local="130764527963374620" remote="130761879600000000" Dst="2" />
<file name="favicon.ico" server="batman.webdrafter.us//public_html/" local="130764527963664636" remote="130761879600000000" Dst="2" />
<file name="manifest.json" server="batman.webdrafter.us//public_html/" local="130764527978105462" remote="130761879600000000" Dst="2" />
<file name="ms-icon-144x144.png" server="batman.webdrafter.us//public_html/" local="130764527978145464" remote="130761879600000000" Dst="2" />
<file name="ms-icon-150x150.png" server="batman.webdrafter.us//public_html/" local="130764527978705496" remote="130761879600000000" Dst="2" />
<file name="ms-icon-70x70.png" server="batman.webdrafter.us//public_html/" local="130764527992856306" remote="130761879600000000" Dst="2" />
<file name="ms-icon-310x310.png" server="batman.webdrafter.us//public_html/" local="130764527992926310" remote="130761879600000000" Dst="2" />
</dwsync>