<?xml version="1.0" encoding="utf-8" ?>
<dwsync>
<file name="sidebar-contact_sidebar.php" server="batman.webdrafter.us//public_html/" local="130761835200000000" remote="130761835200000000" Dst="2" />
<file name="sidebar-blog_sidebar.php" server="batman.webdrafter.us//public_html/" local="130764528451582543" remote="130761855600000000" Dst="2" />
<file name="page-homepage.php" server="batman.webdrafter.us//public_html/" local="130764539192246874" remote="130764502800000000" Dst="2" />
<file name="functions.php" server="batman.webdrafter.us//public_html/" local="130761835200000000" remote="130761835200000000" Dst="2" />
<file name="header.php" server="batman.webdrafter.us//public_html/" local="130761915962726728" remote="130761879600000000" Dst="2" />
<file name="footer.php" server="batman.webdrafter.us//public_html/" local="130764463157147915" remote="130764426600000000" Dst="2" />
<file name=".gitattributes" server="batman.webdrafter.us//public_html/" local="130764527719370663" remote="130761835200000000" Dst="2" />
<file name=".gitignore" server="batman.webdrafter.us//public_html/" local="130764527728991214" remote="130761835200000000" Dst="2" />
<file name="CHANGELOG.md" server="batman.webdrafter.us//public_html/" local="130764527729041216" remote="130761835200000000" Dst="2" />
<file name="404.php" server="batman.webdrafter.us//public_html/" local="130764527729331233" remote="130761835200000000" Dst="2" />
<file name="README.md" server="batman.webdrafter.us//public_html/" local="130764527743472042" remote="130761835200000000" Dst="2" />
<file name="archive-custom_type.php" server="batman.webdrafter.us//public_html/" local="130764527743672053" remote="130761835200000000" Dst="2" />
<file name="archive.php" server="batman.webdrafter.us//public_html/" local="130764527744052075" remote="130761835200000000" Dst="2" />
<file name="comments.php" server="batman.webdrafter.us//public_html/" local="130764527759362951" remote="130761835200000000" Dst="2" />
<file name="grid.php" server="batman.webdrafter.us//public_html/" local="130764527762313119" remote="130761835200000000" Dst="2" />
<file name="index.php" server="batman.webdrafter.us//public_html/" local="130764527762573134" remote="130761835200000000" Dst="2" />
<file name="page-custom.php" server="batman.webdrafter.us//public_html/" local="130764528415280467" remote="130761835200000000" Dst="2" />
<file name="page-fullwidth.php" server="batman.webdrafter.us//public_html/" local="130764528415450477" remote="130761835200000000" Dst="2" />
<file name="page.php" server="batman.webdrafter.us//public_html/" local="130764528435311613" remote="130761835200000000" Dst="2" />
<file name="search.php" server="batman.webdrafter.us//public_html/" local="130764528435561627" remote="130761835200000000" Dst="2" />
<file name="screenshot.png" server="batman.webdrafter.us//public_html/" local="130764528435861644" remote="130761835200000000" Dst="2" />
<file name="sidebar-subpage_sidebar.php" server="batman.webdrafter.us//public_html/" local="130764528451702550" remote="130761835200000000" Dst="2" />
<file name="sidebar.php" server="batman.webdrafter.us//public_html/" local="130764528451832558" remote="130761835200000000" Dst="2" />
<file name="style.css" server="batman.webdrafter.us//public_html/" local="130764528469433564" remote="130761835200000000" Dst="2" />
<file name="single-custom_type.php" server="batman.webdrafter.us//public_html/" local="130764528469663578" remote="130761835200000000" Dst="2" />
<file name="single.php" server="batman.webdrafter.us//public_html/" local="130764528469993596" remote="130761835200000000" Dst="2" />
<file name="taxonomy-custom_cat.php" server="batman.webdrafter.us//public_html/" local="130764528475993940" remote="130761835200000000" Dst="2" />
</dwsync>