<?xml version="1.0" encoding="utf-8" ?>
<dwsync>
<file name="_mixins.less" server="batman.webdrafter.us//public_html/" local="130764458284289204" remote="130764421800000000" Dst="2" />
<file name="_1030up.less" server="batman.webdrafter.us//public_html/" local="130761889842522738" remote="130761835200000000" Dst="2" />
<file name="_481up.less" server="batman.webdrafter.us//public_html/" local="130761889851973278" remote="130761835200000000" Dst="2" />
<file name="_1240up.less" server="batman.webdrafter.us//public_html/" local="130761889852033282" remote="130761835200000000" Dst="2" />
<file name="_2x.less" server="batman.webdrafter.us//public_html/" local="130761889852043282" remote="130761835200000000" Dst="2" />
<file name="_768up.less" server="batman.webdrafter.us//public_html/" local="130764484892551109" remote="130764448800000000" Dst="2" />
<file name="_grid.less" server="batman.webdrafter.us//public_html/" local="130761889863853958" remote="130761835200000000" Dst="2" />
<file name="_base.less" server="batman.webdrafter.us//public_html/" local="130764486757827797" remote="130764450600000000" Dst="2" />
<file name="style.less" server="batman.webdrafter.us//public_html/" local="130764466018131554" remote="130764429600000000" Dst="2" />
<file name="_normalize.less" server="batman.webdrafter.us//public_html/" local="130764528107012835" remote="130761835200000000" Dst="2" />
<file name="_print.less" server="batman.webdrafter.us//public_html/" local="130764528122653730" remote="130761835200000000" Dst="2" />
<file name="ie.less" server="batman.webdrafter.us//public_html/" local="130764528122753735" remote="130761835200000000" Dst="2" />
<file name="ie.less.cache" server="batman.webdrafter.us//public_html/" local="130764528122803738" remote="130764448800000000" Dst="2" />
<file name="login.less.cache" server="batman.webdrafter.us//public_html/" local="130764528139384687" remote="130761868800000000" Dst="2" />
<file name="login.less" server="batman.webdrafter.us//public_html/" local="130764528139464691" remote="130761835200000000" Dst="2" />
<file name="lessc.inc.php" server="batman.webdrafter.us//public_html/" local="130764528140624758" remote="130761835200000000" Dst="2" />
<file name="style.less.cache" server="batman.webdrafter.us//public_html/" local="130764528154115529" remote="130764456600000000" Dst="2" />
</dwsync>